year,age,sex,notifications
2008,00-04,Female,642
2008,00-04,Male,735
2008,00-04,Other/unknown,1
2008,05-09,Female,334
2008,05-09,Male,403
2008,10-14,Female,299
2008,10-14,Male,401
2008,15-19,Female,378
2008,15-19,Male,351
2008,15-19,Other/unknown,2
2008,20-24,Female,356
2008,20-24,Male,285
2008,20-24,Other/unknown,1
2008,25-29,Female,308
2008,25-29,Male,248
2008,30-34,Female,274
2008,30-34,Male,219
2008,35-39,Female,347
2008,35-39,Male,250
2008,40-44,Female,260
2008,40-44,Male,182
2008,45-49,Female,301
2008,45-49,Male,219
2008,45-49,Other/unknown,1
2008,50-54,Female,233
2008,50-54,Male,203
2008,50-54,Other/unknown,1
2008,55-59,Female,257
2008,55-59,Male,204
2008,60-64,Female,214
2008,60-64,Male,141
2008,65-69,Female,128
2008,65-69,Male,128
2008,70-74,Female,109
2008,70-74,Male,139
2008,75-79,Female,103
2008,75-79,Male,105
2008,80-84,Female,114
2008,80-84,Male,78
2008,85+,Female,124
2008,85+,Male,69
2008,NA,Female,2
2008,NA,Male,3
2009,00-04,Female,2535
2009,00-04,Male,3218
2009,00-04,Other/unknown,21
2009,05-09,Female,2964
2009,05-09,Male,3758
2009,05-09,Other/unknown,33
2009,10-14,Female,3257
2009,10-14,Male,4038
2009,10-14,Other/unknown,43
2009,15-19,Female,3511
2009,15-19,Male,3748
2009,15-19,Other/unknown,19
2009,20-24,Female,3222
2009,20-24,Male,2729
2009,20-24,Other/unknown,19
2009,25-29,Female,2969
2009,25-29,Male,2285
2009,25-29,Other/unknown,27
2009,30-34,Female,2100
2009,30-34,Male,1559
2009,30-34,Other/unknown,8
2009,35-39,Female,1988
2009,35-39,Male,1529
2009,35-39,Other/unknown,10
2009,40-44,Female,1614
2009,40-44,Male,1339
2009,40-44,Other/unknown,9
2009,45-49,Female,1659
2009,45-49,Male,1207
2009,45-49,Other/unknown,7
2009,50-54,Female,1516
2009,50-54,Male,1175
2009,50-54,Other/unknown,9
2009,55-59,Female,935
2009,55-59,Male,826
2009,55-59,Other/unknown,5
2009,60-64,Female,571
2009,60-64,Male,507
2009,60-64,Other/unknown,6
2009,65-69,Female,327
2009,65-69,Male,308
2009,65-69,Other/unknown,2
2009,70-74,Female,242
2009,70-74,Male,242
2009,70-74,Other/unknown,1
2009,75-79,Female,190
2009,75-79,Male,182
2009,75-79,Other/unknown,4
2009,80-84,Female,125
2009,80-84,Male,132
2009,85+,Female,141
2009,85+,Male,91
2009,85+,Other/unknown,4
2009,NA,Female,20
2009,NA,Male,26
2009,NA,Other/unknown,19
2010,00-04,Female,743
2010,00-04,Male,856
2010,00-04,Other/unknown,9
2010,05-09,Female,596
2010,05-09,Male,715
2010,05-09,Other/unknown,5
2010,10-14,Female,479
2010,10-14,Male,567
2010,10-14,Other/unknown,2
2010,15-19,Female,511
2010,15-19,Male,511
2010,20-24,Female,588
2010,20-24,Male,441
2010,20-24,Other/unknown,2
2010,25-29,Female,697
2010,25-29,Male,465
2010,25-29,Other/unknown,3
2010,30-34,Female,593
2010,30-34,Male,365
2010,30-34,Other/unknown,5
2010,35-39,Female,520
2010,35-39,Male,383
2010,35-39,Other/unknown,4
2010,40-44,Female,471
2010,40-44,Male,375
2010,40-44,Other/unknown,3
2010,45-49,Female,420
2010,45-49,Male,352
2010,45-49,Other/unknown,3
2010,50-54,Female,428
2010,50-54,Male,320
2010,50-54,Other/unknown,1
2010,55-59,Female,319
2010,55-59,Male,271
2010,55-59,Other/unknown,4
2010,60-64,Female,216
2010,60-64,Male,215
2010,60-64,Other/unknown,1
2010,65-69,Female,151
2010,65-69,Male,144
2010,65-69,Other/unknown,1
2010,70-74,Female,116
2010,70-74,Male,121
2010,70-74,Other/unknown,1
2010,75-79,Female,80
2010,75-79,Male,95
2010,75-79,Other/unknown,2
2010,80-84,Female,75
2010,80-84,Male,80
2010,85+,Female,59
2010,85+,Male,38
2010,85+,Other/unknown,3
2010,NA,Female,11
2010,NA,Male,9
2010,NA,Other/unknown,2
2011,00-04,Female,1712
2011,00-04,Male,2039
2011,00-04,Other/unknown,5
2011,05-09,Female,1403
2011,05-09,Male,1742
2011,05-09,Other/unknown,2
2011,10-14,Female,972
2011,10-14,Male,1069
2011,10-14,Other/unknown,3
2011,15-19,Female,894
2011,15-19,Male,830
2011,15-19,Other/unknown,1
2011,20-24,Female,1012
2011,20-24,Male,746
2011,20-24,Other/unknown,1
2011,25-29,Female,1244
2011,25-29,Male,840
2011,25-29,Other/unknown,5
2011,30-34,Female,1179
2011,30-34,Male,776
2011,30-34,Other/unknown,2
2011,35-39,Female,1085
2011,35-39,Male,787
2011,40-44,Female,923
2011,40-44,Male,680
2011,40-44,Other/unknown,1
2011,45-49,Female,720
2011,45-49,Male,611
2011,45-49,Other/unknown,1
2011,50-54,Female,710
2011,50-54,Male,547
2011,50-54,Other/unknown,2
2011,55-59,Female,571
2011,55-59,Male,480
2011,55-59,Other/unknown,1
2011,60-64,Female,567
2011,60-64,Male,423
2011,60-64,Other/unknown,1
2011,65-69,Female,367
2011,65-69,Male,329
2011,70-74,Female,287
2011,70-74,Male,338
2011,75-79,Female,252
2011,75-79,Male,226
2011,75-79,Other/unknown,1
2011,80-84,Female,230
2011,80-84,Male,198
2011,80-84,Other/unknown,3
2011,85+,Female,231
2011,85+,Male,158
2011,85+,Other/unknown,6
2011,NA,Female,1
2011,NA,Male,1
2012,00-04,Female,3143
2012,00-04,Male,3553
2012,00-04,Other/unknown,1
2012,05-09,Female,2329
2012,05-09,Male,2779
2012,05-09,Other/unknown,4
2012,10-14,Female,1203
2012,10-14,Male,1423
2012,10-14,Other/unknown,1
2012,15-19,Female,1149
2012,15-19,Male,1150
2012,15-19,Other/unknown,2
2012,20-24,Female,1291
2012,20-24,Male,848
2012,25-29,Female,1612
2012,25-29,Male,943
2012,25-29,Other/unknown,4
2012,30-34,Female,1808
2012,30-34,Male,1040
2012,30-34,Other/unknown,2
2012,35-39,Female,1789
2012,35-39,Male,1202
2012,35-39,Other/unknown,3
2012,40-44,Female,1526
2012,40-44,Male,1109
2012,40-44,Other/unknown,3
2012,45-49,Female,1084
2012,45-49,Male,977
2012,50-54,Female,1017
2012,50-54,Male,846
2012,50-54,Other/unknown,1
2012,55-59,Female,974
2012,55-59,Male,801
2012,55-59,Other/unknown,1
2012,60-64,Female,1022
2012,60-64,Male,766
2012,60-64,Other/unknown,2
2012,65-69,Female,833
2012,65-69,Male,711
2012,65-69,Other/unknown,1
2012,70-74,Female,709
2012,70-74,Male,637
2012,75-79,Female,687
2012,75-79,Male,698
2012,80-84,Female,665
2012,80-84,Male,536
2012,85+,Female,1030
2012,85+,Male,585
2012,NA,Female,3
2012,NA,Male,5
2013,00-04,Female,1493
2013,00-04,Male,1738
2013,00-04,Other/unknown,5
2013,05-09,Female,1383
2013,05-09,Male,1699
2013,05-09,Other/unknown,4
2013,10-14,Female,748
2013,10-14,Male,920
2013,10-14,Other/unknown,2
2013,15-19,Female,613
2013,15-19,Male,553
2013,15-19,Other/unknown,4
2013,20-24,Female,642
2013,20-24,Male,427
2013,25-29,Female,855
2013,25-29,Male,527
2013,25-29,Other/unknown,2
2013,30-34,Female,1219
2013,30-34,Male,759
2013,30-34,Other/unknown,2
2013,35-39,Female,1254
2013,35-39,Male,894
2013,35-39,Other/unknown,3
2013,40-44,Female,1233
2013,40-44,Male,924
2013,40-44,Other/unknown,2
2013,45-49,Female,941
2013,45-49,Male,781
2013,45-49,Other/unknown,2
2013,50-54,Female,925
2013,50-54,Male,760
2013,55-59,Female,948
2013,55-59,Male,736
2013,55-59,Other/unknown,1
2013,60-64,Female,766
2013,60-64,Male,606
2013,60-64,Other/unknown,1
2013,65-69,Female,570
2013,65-69,Male,538
2013,70-74,Female,395
2013,70-74,Male,413
2013,70-74,Other/unknown,1
2013,75-79,Female,348
2013,75-79,Male,345
2013,80-84,Female,286
2013,80-84,Male,301
2013,85+,Female,359
2013,85+,Male,264
2013,85+,Other/unknown,3
2013,NA,Male,1
2014,00-04,Female,3950
2014,00-04,Male,4448
2014,00-04,Other/unknown,5
2014,05-09,Female,2582
2014,05-09,Male,2931
2014,05-09,Other/unknown,6
2014,10-14,Female,1442
2014,10-14,Male,1772
2014,10-14,Other/unknown,5
2014,15-19,Female,1689
2014,15-19,Male,1630
2014,15-19,Other/unknown,3
2014,20-24,Female,1709
2014,20-24,Male,1249
2014,20-24,Other/unknown,4
2014,25-29,Female,2304
2014,25-29,Male,1378
2014,30-34,Female,2829
2014,30-34,Male,1901
2014,30-34,Other/unknown,12
2014,35-39,Female,2761
2014,35-39,Male,2107
2014,35-39,Other/unknown,7
2014,40-44,Female,2696
2014,40-44,Male,2139
2014,40-44,Other/unknown,1
2014,45-49,Female,2147
2014,45-49,Male,1889
2014,45-49,Other/unknown,1
2014,50-54,Female,2117
2014,50-54,Male,1634
2014,50-54,Other/unknown,1
2014,55-59,Female,2103
2014,55-59,Male,1620
2014,55-59,Other/unknown,1
2014,60-64,Female,1878
2014,60-64,Male,1431
2014,60-64,Other/unknown,4
2014,65-69,Female,1512
2014,65-69,Male,1245
2014,65-69,Other/unknown,1
2014,70-74,Female,1080
2014,70-74,Male,984
2014,70-74,Other/unknown,1
2014,75-79,Female,1062
2014,75-79,Male,996
2014,75-79,Other/unknown,3
2014,80-84,Female,1051
2014,80-84,Male,841
2014,85+,Female,1550
2014,85+,Male,938
2014,85+,Other/unknown,5
2014,NA,Female,7
2014,NA,Male,2
2015,00-04,Female,5029
2015,00-04,Male,5934
2015,00-04,Other/unknown,12
2015,05-09,Female,6415
2015,05-09,Male,7332
2015,05-09,Other/unknown,15
2015,10-14,Female,3747
2015,10-14,Male,4232
2015,10-14,Other/unknown,10
2015,15-19,Female,3292
2015,15-19,Male,3265
2015,15-19,Other/unknown,6
2015,20-24,Female,2584
2015,20-24,Male,2164
2015,20-24,Other/unknown,8
2015,25-29,Female,3215
2015,25-29,Male,2077
2015,25-29,Other/unknown,10
2015,30-34,Female,3661
2015,30-34,Male,2455
2015,30-34,Other/unknown,11
2015,35-39,Female,3481
2015,35-39,Male,2368
2015,35-39,Other/unknown,6
2015,40-44,Female,3285
2015,40-44,Male,2474
2015,40-44,Other/unknown,5
2015,45-49,Female,2768
2015,45-49,Male,2116
2015,45-49,Other/unknown,5
2015,50-54,Female,2550
2015,50-54,Male,1980
2015,50-54,Other/unknown,4
2015,55-59,Female,2468
2015,55-59,Male,1846
2015,55-59,Other/unknown,3
2015,60-64,Female,2324
2015,60-64,Male,1722
2015,60-64,Other/unknown,4
2015,65-69,Female,2092
2015,65-69,Male,1608
2015,65-69,Other/unknown,1
2015,70-74,Female,1650
2015,70-74,Male,1398
2015,70-74,Other/unknown,3
2015,75-79,Female,1572
2015,75-79,Male,1321
2015,75-79,Other/unknown,1
2015,80-84,Female,1378
2015,80-84,Male,1137
2015,80-84,Other/unknown,3
2015,85+,Female,2240
2015,85+,Male,1325
2015,85+,Other/unknown,6
2015,NA,Female,2
2015,NA,Male,2
2016,00-04,Female,4030
2016,00-04,Male,4610
2016,00-04,Other/unknown,6
2016,05-09,Female,3329
2016,05-09,Male,3963
2016,05-09,Other/unknown,9
2016,10-14,Female,2237
2016,10-14,Male,2743
2016,10-14,Other/unknown,6
2016,15-19,Female,2784
2016,15-19,Male,2430
2016,15-19,Other/unknown,7
2016,20-24,Female,2429
2016,20-24,Male,1830
2016,20-24,Other/unknown,5
2016,25-29,Female,2604
2016,25-29,Male,1886
2016,25-29,Other/unknown,6
2016,30-34,Female,3158
2016,30-34,Male,2251
2016,30-34,Other/unknown,8
2016,35-39,Female,3049
2016,35-39,Male,2219
2016,35-39,Other/unknown,10
2016,40-44,Female,2803
2016,40-44,Male,2154
2016,40-44,Other/unknown,6
2016,45-49,Female,2788
2016,45-49,Male,2139
2016,45-49,Other/unknown,7
2016,50-54,Female,2671
2016,50-54,Male,2183
2016,50-54,Other/unknown,3
2016,55-59,Female,2802
2016,55-59,Male,2071
2016,55-59,Other/unknown,7
2016,60-64,Female,2653
2016,60-64,Male,1907
2016,60-64,Other/unknown,2
2016,65-69,Female,2434
2016,65-69,Male,1777
2016,65-69,Other/unknown,3
2016,70-74,Female,1991
2016,70-74,Male,1721
2016,70-74,Other/unknown,2
2016,75-79,Female,1949
2016,75-79,Male,1741
2016,75-79,Other/unknown,3
2016,80-84,Female,1894
2016,80-84,Male,1559
2016,80-84,Other/unknown,1
2016,85+,Female,3920
2016,85+,Male,2121
2016,85+,Other/unknown,8
2016,NA,Female,3
2016,NA,Male,2
2017,00-04,Female,11547
2017,00-04,Male,12749
2017,00-04,Other/unknown,212
2017,05-09,Female,12758
2017,05-09,Male,14323
2017,05-09,Other/unknown,290
2017,10-14,Female,7670
2017,10-14,Male,8920
2017,10-14,Other/unknown,155
2017,15-19,Female,7006
2017,15-19,Male,6362
2017,15-19,Other/unknown,106
2017,20-24,Female,6363
2017,20-24,Male,4428
2017,20-24,Other/unknown,68
2017,25-29,Female,5865
2017,25-29,Male,3515
2017,25-29,Other/unknown,80
2017,30-34,Female,7785
2017,30-34,Male,4833
2017,30-34,Other/unknown,88
2017,35-39,Female,8599
2017,35-39,Male,5655
2017,35-39,Other/unknown,120
2017,40-44,Female,8017
2017,40-44,Male,5896
2017,40-44,Other/unknown,104
2017,45-49,Female,7997
2017,45-49,Male,5762
2017,45-49,Other/unknown,75
2017,50-54,Female,7530
2017,50-54,Male,5428
2017,50-54,Other/unknown,66
2017,55-59,Female,7946
2017,55-59,Male,5561
2017,55-59,Other/unknown,55
2017,60-64,Female,7280
2017,60-64,Male,5154
2017,60-64,Other/unknown,37
2017,65-69,Female,6298
2017,65-69,Male,4809
2017,65-69,Other/unknown,41
2017,70-74,Female,5496
2017,70-74,Male,4548
2017,70-74,Other/unknown,35
2017,75-79,Female,4993
2017,75-79,Male,4268
2017,75-79,Other/unknown,34
2017,80-84,Female,4929
2017,80-84,Male,3932
2017,80-84,Other/unknown,37
2017,85+,Female,9685
2017,85+,Male,5636
2017,85+,Other/unknown,47
2017,NA,Female,5
2017,NA,Male,5
2017,NA,Other/unknown,1
2018,00-04,Female,3004
2018,00-04,Male,3572
2018,00-04,Other/unknown,13
2018,05-09,Female,3217
2018,05-09,Male,3725
2018,05-09,Other/unknown,9
2018,10-14,Female,1247
2018,10-14,Male,1560
2018,10-14,Other/unknown,3
2018,15-19,Female,1163
2018,15-19,Male,1083
2018,15-19,Other/unknown,5
2018,20-24,Female,1383
2018,20-24,Male,1046
2018,20-24,Other/unknown,6
2018,25-29,Female,1717
2018,25-29,Male,1217
2018,25-29,Other/unknown,4
2018,30-34,Female,2044
2018,30-34,Male,1433
2018,30-34,Other/unknown,6
2018,35-39,Female,2222
2018,35-39,Male,1816
2018,35-39,Other/unknown,12
2018,40-44,Female,1998
2018,40-44,Male,1715
2018,40-44,Other/unknown,7
2018,45-49,Female,1899
2018,45-49,Male,1700
2018,45-49,Other/unknown,3
2018,50-54,Female,1783
2018,50-54,Male,1461
2018,50-54,Other/unknown,8
2018,55-59,Female,1963
2018,55-59,Male,1482
2018,55-59,Other/unknown,7
2018,60-64,Female,1790
2018,60-64,Male,1359
2018,60-64,Other/unknown,5
2018,65-69,Female,1440
2018,65-69,Male,1136
2018,65-69,Other/unknown,2
2018,70-74,Female,1180
2018,70-74,Male,983
2018,70-74,Other/unknown,1
2018,75-79,Female,929
2018,75-79,Male,815
2018,75-79,Other/unknown,2
2018,80-84,Female,775
2018,80-84,Male,690
2018,80-84,Other/unknown,1
2018,85+,Female,1085
2018,85+,Male,740
2018,85+,Other/unknown,2
2019,00-04,Female,17026
2019,00-04,Male,18719
2019,00-04,Other/unknown,99
2019,05-09,Female,20042
2019,05-09,Male,22820
2019,05-09,Other/unknown,93
2019,10-14,Female,11434
2019,10-14,Male,13783
2019,10-14,Other/unknown,46
2019,15-19,Female,8974
2019,15-19,Male,9228
2019,15-19,Other/unknown,33
2019,20-24,Female,10166
2019,20-24,Male,7481
2019,20-24,Other/unknown,50
2019,25-29,Female,11779
2019,25-29,Male,7927
2019,25-29,Other/unknown,60
2019,30-34,Female,12992
2019,30-34,Male,8702
2019,30-34,Other/unknown,62
2019,35-39,Female,11405
2019,35-39,Male,8265
2019,35-39,Other/unknown,44
2019,40-44,Female,7758
2019,40-44,Male,6126
2019,40-44,Other/unknown,30
2019,45-49,Female,7031
2019,45-49,Male,5558
2019,45-49,Other/unknown,17
2019,50-54,Female,6620
2019,50-54,Male,5028
2019,50-54,Other/unknown,26
2019,55-59,Female,7522
2019,55-59,Male,5301
2019,55-59,Other/unknown,16
2019,60-64,Female,7271
2019,60-64,Male,5253
2019,60-64,Other/unknown,20
2019,65-69,Female,5876
2019,65-69,Male,4418
2019,65-69,Other/unknown,17
2019,70-74,Female,5272
2019,70-74,Male,4366
2019,70-74,Other/unknown,19
2019,75-79,Female,4481
2019,75-79,Male,3831
2019,75-79,Other/unknown,6
2019,80-84,Female,4385
2019,80-84,Male,3468
2019,80-84,Other/unknown,12
2019,85+,Female,7867
2019,85+,Male,4545
2019,85+,Other/unknown,16
2019,NA,Female,11
2019,NA,Male,13
2019,NA,Other/unknown,4
2020,00-04,Female,835
2020,00-04,Male,924
2020,00-04,Other/unknown,10
2020,05-09,Female,852
2020,05-09,Male,1034
2020,05-09,Other/unknown,3
2020,10-14,Female,502
2020,10-14,Male,581
2020,10-14,Other/unknown,4
2020,15-19,Female,435
2020,15-19,Male,444
2020,15-19,Other/unknown,2
2020,20-24,Female,574
2020,20-24,Male,515
2020,20-24,Other/unknown,1
2020,25-29,Female,788
2020,25-29,Male,682
2020,25-29,Other/unknown,7
2020,30-34,Female,967
2020,30-34,Male,806
2020,30-34,Other/unknown,7
2020,35-39,Female,857
2020,35-39,Male,837
2020,35-39,Other/unknown,10
2020,40-44,Female,777
2020,40-44,Male,708
2020,40-44,Other/unknown,5
2020,45-49,Female,811
2020,45-49,Male,707
2020,45-49,Other/unknown,2
2020,50-54,Female,770
2020,50-54,Male,695
2020,50-54,Other/unknown,3
2020,55-59,Female,751
2020,55-59,Male,588
2020,55-59,Other/unknown,2
2020,60-64,Female,687
2020,60-64,Male,518
2020,60-64,Other/unknown,1
2020,65-69,Female,495
2020,65-69,Male,442
2020,65-69,Other/unknown,2
2020,70-74,Female,475
2020,70-74,Male,341
2020,70-74,Other/unknown,1
2020,75-79,Female,333
2020,75-79,Male,293
2020,80-84,Female,218
2020,80-84,Male,182
2020,85+,Female,227
2020,85+,Male,162
2020,NA,Female,3
2020,NA,Male,3
2020,NA,Other/unknown,2
2021,00-04,Female,36
2021,00-04,Male,40
2021,00-04,Other/unknown,1
2021,05-09,Female,9
2021,05-09,Male,12
2021,10-14,Female,6
2021,10-14,Male,14
2021,15-19,Female,16
2021,15-19,Male,18
2021,20-24,Female,24
2021,20-24,Male,16
2021,20-24,Other/unknown,2
2021,25-29,Female,27
2021,25-29,Male,26
2021,30-34,Female,19
2021,30-34,Male,16
2021,35-39,Female,20
2021,35-39,Male,22
2021,40-44,Female,30
2021,40-44,Male,22
2021,45-49,Female,17
2021,45-49,Male,18
2021,50-54,Female,26
2021,50-54,Male,23
2021,55-59,Female,26
2021,55-59,Male,17
2021,60-64,Female,39
2021,60-64,Male,37
2021,65-69,Female,33
2021,65-69,Male,26
2021,70-74,Female,13
2021,70-74,Male,25
2021,75-79,Female,14
2021,75-79,Male,19
2021,80-84,Female,10
2021,80-84,Male,13
2021,85+,Female,11
2021,85+,Male,17
2022,00-04,Female,13896
2022,00-04,Male,15268
2022,00-04,Other/unknown,65
2022,05-09,Female,17208
2022,05-09,Male,19195
2022,05-09,Other/unknown,62
2022,10-14,Female,10967
2022,10-14,Male,13318
2022,10-14,Other/unknown,44
2022,15-19,Female,10604
2022,15-19,Male,10834
2022,15-19,Other/unknown,36
2022,20-24,Female,8995
2022,20-24,Male,6744
2022,20-24,Other/unknown,40
2022,25-29,Female,8477
2022,25-29,Male,5574
2022,25-29,Other/unknown,30
2022,30-34,Female,9860
2022,30-34,Male,5854
2022,30-34,Other/unknown,25
2022,35-39,Female,10359
2022,35-39,Male,6218
2022,35-39,Other/unknown,23
2022,40-44,Female,7586
2022,40-44,Male,5354
2022,40-44,Other/unknown,21
2022,45-49,Female,5142
2022,45-49,Male,4093
2022,45-49,Other/unknown,9
2022,50-54,Female,4408
2022,50-54,Male,3393
2022,50-54,Other/unknown,15
2022,55-59,Female,3664
2022,55-59,Male,2902
2022,55-59,Other/unknown,10
2022,60-64,Female,3543
2022,60-64,Male,2681
2022,60-64,Other/unknown,7
2022,65-69,Female,2531
2022,65-69,Male,2057
2022,65-69,Other/unknown,3
2022,70-74,Female,2136
2022,70-74,Male,1852
2022,70-74,Other/unknown,2
2022,75-79,Female,1639
2022,75-79,Male,1519
2022,75-79,Other/unknown,3
2022,80-84,Female,1202
2022,80-84,Male,1137
2022,80-84,Other/unknown,1
2022,85+,Female,1656
2022,85+,Male,1083
2022,85+,Other/unknown,11
2022,NA,Female,5
2022,NA,Male,5
2022,NA,Other/unknown,2
2023,00-04,Female,16089
2023,00-04,Male,18328
2023,00-04,Other/unknown,37
2023,05-09,Female,24045
2023,05-09,Male,27976
2023,05-09,Other/unknown,56
2023,10-14,Female,14611
2023,10-14,Male,18633
2023,10-14,Other/unknown,36
2023,15-19,Female,10474
2023,15-19,Male,10821
2023,15-19,Other/unknown,28
2023,20-24,Female,6663
2023,20-24,Male,5514
2023,20-24,Other/unknown,21
2023,25-29,Female,7898
2023,25-29,Male,5344
2023,25-29,Other/unknown,26
2023,30-34,Female,10896
2023,30-34,Male,6897
2023,30-34,Other/unknown,28
2023,35-39,Female,12430
2023,35-39,Male,7968
2023,35-39,Other/unknown,30
2023,40-44,Female,10604
2023,40-44,Male,7902
2023,40-44,Other/unknown,17
2023,45-49,Female,7087
2023,45-49,Male,5733
2023,45-49,Other/unknown,8
2023,50-54,Female,6010
2023,50-54,Male,4901
2023,50-54,Other/unknown,12
2023,55-59,Female,4700
2023,55-59,Male,3927
2023,55-59,Other/unknown,3
2023,60-64,Female,4355
2023,60-64,Male,3526
2023,60-64,Other/unknown,4
2023,65-69,Female,3766
2023,65-69,Male,3002
2023,65-69,Other/unknown,5
2023,70-74,Female,3150
2023,70-74,Male,2617
2023,70-74,Other/unknown,1
2023,75-79,Female,2675
2023,75-79,Male,2370
2023,80-84,Female,1920
2023,80-84,Male,1645
2023,80-84,Other/unknown,2
2023,85+,Female,2394
2023,85+,Male,1632
2023,85+,Other/unknown,2
2023,NA,Female,12
2023,NA,Male,20
2023,NA,Other/unknown,11
2024,00-04,Female,23109
2024,00-04,Male,25683
2024,00-04,Other/unknown,67
2024,05-09,Female,24694
2024,05-09,Male,27738
2024,05-09,Other/unknown,69
2024,10-14,Female,15002
2024,10-14,Male,18921
2024,10-14,Other/unknown,32
2024,15-19,Female,11773
2024,15-19,Male,10931
2024,15-19,Other/unknown,30
2024,20-24,Female,10115
2024,20-24,Male,7439
2024,20-24,Other/unknown,28
2024,25-29,Female,11999
2024,25-29,Male,7683
2024,25-29,Other/unknown,35
2024,30-34,Female,13616
2024,30-34,Male,8313
2024,30-34,Other/unknown,32
2024,35-39,Female,14490
2024,35-39,Male,9385
2024,35-39,Other/unknown,33
2024,40-44,Female,12196
2024,40-44,Male,9278
2024,40-44,Other/unknown,17
2024,45-49,Female,9089
2024,45-49,Male,7470
2024,45-49,Other/unknown,9
2024,50-54,Female,8573
2024,50-54,Male,7082
2024,50-54,Other/unknown,7
2024,55-59,Female,7449
2024,55-59,Male,6129
2024,55-59,Other/unknown,15
2024,60-64,Female,7231
2024,60-64,Male,5945
2024,60-64,Other/unknown,4
2024,65-69,Female,5870
2024,65-69,Male,4828
2024,65-69,Other/unknown,2
2024,70-74,Female,5139
2024,70-74,Male,4405
2024,70-74,Other/unknown,6
2024,75-79,Female,4530
2024,75-79,Male,4071
2024,75-79,Other/unknown,7
2024,80-84,Female,3394
2024,80-84,Male,3066
2024,80-84,Other/unknown,3
2024,85+,Female,4696
2024,85+,Male,3165
2024,85+,Other/unknown,19
2024,NA,Female,3
2024,NA,Male,4
2024,NA,Other/unknown,3
