date,year,epiweek,notifications
2008-01-04,2008,1,21
2008-01-11,2008,2,20
2008-01-18,2008,3,34
2008-01-25,2008,4,23
2008-02-01,2008,5,22
2008-02-08,2008,6,27
2008-02-15,2008,7,39
2008-02-22,2008,8,36
2008-02-29,2008,9,37
2008-03-07,2008,10,50
2008-03-14,2008,11,42
2008-03-21,2008,12,31
2008-03-28,2008,13,34
2008-04-04,2008,14,45
2008-04-11,2008,15,37
2008-04-18,2008,16,46
2008-04-25,2008,17,35
2008-05-02,2008,18,54
2008-05-09,2008,19,52
2008-05-16,2008,20,41
2008-05-23,2008,21,75
2008-05-30,2008,22,62
2008-06-06,2008,23,64
2008-06-13,2008,24,57
2008-06-20,2008,25,80
2008-06-27,2008,26,63
2008-07-04,2008,27,68
2008-07-11,2008,28,108
2008-07-18,2008,29,154
2008-07-25,2008,30,177
2008-08-01,2008,31,211
2008-08-08,2008,32,310
2008-08-15,2008,33,447
2008-08-22,2008,34,710
2008-08-29,2008,35,981
2008-09-05,2008,36,1010
2008-09-12,2008,37,933
2008-09-19,2008,38,659
2008-09-26,2008,39,514
2008-10-03,2008,40,417
2008-10-10,2008,41,279
2008-10-17,2008,42,204
2008-10-24,2008,43,185
2008-10-31,2008,44,156
2008-11-07,2008,45,107
2008-11-14,2008,46,89
2008-11-21,2008,47,76
2008-11-28,2008,48,58
2008-12-05,2008,49,53
2008-12-12,2008,50,47
2008-12-19,2008,51,51
2008-12-26,2008,52,21
2009-01-02,2009,1,29
2009-01-09,2009,2,53
2009-01-16,2009,3,46
2009-01-23,2009,4,34
2009-01-30,2009,5,41
2009-02-06,2009,6,32
2009-02-13,2009,7,34
2009-02-20,2009,8,25
2009-02-27,2009,9,32
2009-03-06,2009,10,37
2009-03-13,2009,11,36
2009-03-20,2009,12,29
2009-03-27,2009,13,43
2009-04-03,2009,14,43
2009-04-10,2009,15,35
2009-04-17,2009,16,26
2009-04-24,2009,17,67
2009-05-01,2009,18,147
2009-05-08,2009,19,145
2009-05-15,2009,20,149
2009-05-22,2009,21,255
2009-05-29,2009,22,1509
2009-06-05,2009,23,2105
2009-06-12,2009,24,2258
2009-06-19,2009,25,2751
2009-06-26,2009,26,3272
2009-07-03,2009,27,4814
2009-07-10,2009,28,5795
2009-07-17,2009,29,7402
2009-07-24,2009,30,8709
2009-07-31,2009,31,5521
2009-08-07,2009,32,4560
2009-08-14,2009,33,2959
2009-08-21,2009,34,2110
2009-08-28,2009,35,1175
2009-09-04,2009,36,771
2009-09-11,2009,37,529
2009-09-18,2009,38,332
2009-09-25,2009,39,209
2009-10-02,2009,40,144
2009-10-09,2009,41,115
2009-10-16,2009,42,93
2009-10-23,2009,43,65
2009-10-30,2009,44,86
2009-11-06,2009,45,73
2009-11-13,2009,46,86
2009-11-20,2009,47,48
2009-11-27,2009,48,35
2009-12-04,2009,49,50
2009-12-11,2009,50,38
2009-12-18,2009,51,51
2009-12-25,2009,52,28
2010-01-01,2010,53,30
2010-01-08,2010,1,35
2010-01-15,2010,2,28
2010-01-22,2010,3,31
2010-01-29,2010,4,40
2010-02-05,2010,5,33
2010-02-12,2010,6,30
2010-02-19,2010,7,43
2010-02-26,2010,8,36
2010-03-05,2010,9,51
2010-03-12,2010,10,31
2010-03-19,2010,11,36
2010-03-26,2010,12,43
2010-04-02,2010,13,35
2010-04-09,2010,14,50
2010-04-16,2010,15,79
2010-04-23,2010,16,56
2010-04-30,2010,17,52
2010-05-07,2010,18,45
2010-05-14,2010,19,45
2010-05-21,2010,20,67
2010-05-28,2010,21,46
2010-06-04,2010,22,45
2010-06-11,2010,23,61
2010-06-18,2010,24,59
2010-06-25,2010,25,99
2010-07-02,2010,26,108
2010-07-09,2010,27,131
2010-07-16,2010,28,149
2010-07-23,2010,29,185
2010-07-30,2010,30,210
2010-08-06,2010,31,299
2010-08-13,2010,32,390
2010-08-20,2010,33,552
2010-08-27,2010,34,749
2010-09-03,2010,35,927
2010-09-10,2010,36,1162
2010-09-17,2010,37,1196
2010-09-24,2010,38,1318
2010-10-01,2010,39,974
2010-10-08,2010,40,698
2010-10-15,2010,41,543
2010-10-22,2010,42,393
2010-10-29,2010,43,363
2010-11-05,2010,44,297
2010-11-12,2010,45,268
2010-11-19,2010,46,155
2010-11-26,2010,47,148
2010-12-03,2010,48,199
2010-12-10,2010,49,226
2010-12-17,2010,50,238
2010-12-24,2010,51,214
2010-12-31,2010,52,149
2011-01-07,2011,1,211
2011-01-14,2011,2,205
2011-01-21,2011,3,189
2011-01-28,2011,4,224
2011-02-04,2011,5,198
2011-02-11,2011,6,179
2011-02-18,2011,7,215
2011-02-25,2011,8,231
2011-03-04,2011,9,240
2011-03-11,2011,10,229
2011-03-18,2011,11,178
2011-03-25,2011,12,225
2011-04-01,2011,13,178
2011-04-08,2011,14,185
2011-04-15,2011,15,177
2011-04-22,2011,16,124
2011-04-29,2011,17,104
2011-05-06,2011,18,178
2011-05-13,2011,19,142
2011-05-20,2011,20,201
2011-05-27,2011,21,229
2011-06-03,2011,22,343
2011-06-10,2011,23,424
2011-06-17,2011,24,519
2011-06-24,2011,25,709
2011-07-01,2011,26,903
2011-07-08,2011,27,972
2011-07-15,2011,28,1185
2011-07-22,2011,29,1477
2011-07-29,2011,30,1567
2011-08-05,2011,31,1971
2011-08-12,2011,32,1763
2011-08-19,2011,33,1709
2011-08-26,2011,34,1617
2011-09-02,2011,35,1293
2011-09-09,2011,36,1116
2011-09-16,2011,37,1043
2011-09-23,2011,38,904
2011-09-30,2011,39,695
2011-10-07,2011,40,559
2011-10-14,2011,41,481
2011-10-21,2011,42,356
2011-10-28,2011,43,270
2011-11-04,2011,44,225
2011-11-11,2011,45,195
2011-11-18,2011,46,196
2011-11-25,2011,47,127
2011-12-02,2011,48,134
2011-12-09,2011,49,124
2011-12-16,2011,50,118
2011-12-23,2011,51,127
2011-12-30,2011,52,51
2012-01-06,2012,1,70
2012-01-13,2012,2,66
2012-01-20,2012,3,81
2012-01-27,2012,4,75
2012-02-03,2012,5,70
2012-02-10,2012,6,68
2012-02-17,2012,7,72
2012-02-24,2012,8,91
2012-03-02,2012,9,123
2012-03-09,2012,10,114
2012-03-16,2012,11,119
2012-03-23,2012,12,164
2012-03-30,2012,13,156
2012-04-06,2012,14,135
2012-04-13,2012,15,121
2012-04-20,2012,16,144
2012-04-27,2012,17,116
2012-05-04,2012,18,154
2012-05-11,2012,19,166
2012-05-18,2012,20,186
2012-05-25,2012,21,321
2012-06-01,2012,22,506
2012-06-08,2012,23,754
2012-06-15,2012,24,966
2012-06-22,2012,25,1448
2012-06-29,2012,26,2041
2012-07-06,2012,27,2680
2012-07-13,2012,28,3272
2012-07-20,2012,29,3296
2012-07-27,2012,30,3204
2012-08-03,2012,31,3433
2012-08-10,2012,32,3643
2012-08-17,2012,33,3495
2012-08-24,2012,34,3073
2012-08-31,2012,35,2329
2012-09-07,2012,36,1725
2012-09-14,2012,37,1302
2012-09-21,2012,38,986
2012-09-28,2012,39,630
2012-10-05,2012,40,430
2012-10-12,2012,41,349
2012-10-19,2012,42,289
2012-10-26,2012,43,246
2012-11-02,2012,44,242
2012-11-09,2012,45,240
2012-11-16,2012,46,253
2012-11-23,2012,47,225
2012-11-30,2012,48,227
2012-12-07,2012,49,185
2012-12-14,2012,50,217
2012-12-21,2012,51,132
2012-12-28,2012,52,78
2013-01-04,2013,1,137
2013-01-11,2013,2,166
2013-01-18,2013,3,188
2013-01-25,2013,4,155
2013-02-01,2013,5,160
2013-02-08,2013,6,195
2013-02-15,2013,7,177
2013-02-22,2013,8,153
2013-03-01,2013,9,204
2013-03-08,2013,10,206
2013-03-15,2013,11,208
2013-03-22,2013,12,214
2013-03-29,2013,13,168
2013-04-05,2013,14,159
2013-04-12,2013,15,164
2013-04-19,2013,16,136
2013-04-26,2013,17,126
2013-05-03,2013,18,138
2013-05-10,2013,19,155
2013-05-17,2013,20,182
2013-05-24,2013,21,186
2013-05-31,2013,22,189
2013-06-07,2013,23,233
2013-06-14,2013,24,198
2013-06-21,2013,25,259
2013-06-28,2013,26,336
2013-07-05,2013,27,457
2013-07-12,2013,28,548
2013-07-19,2013,29,652
2013-07-26,2013,30,695
2013-08-02,2013,31,964
2013-08-09,2013,32,1280
2013-08-16,2013,33,1570
2013-08-23,2013,34,1897
2013-08-30,2013,35,2360
2013-09-06,2013,36,2064
2013-09-13,2013,37,1699
2013-09-20,2013,38,1377
2013-09-27,2013,39,1169
2013-10-04,2013,40,947
2013-10-11,2013,41,767
2013-10-18,2013,42,524
2013-10-25,2013,43,596
2013-11-01,2013,44,581
2013-11-08,2013,45,504
2013-11-15,2013,46,487
2013-11-22,2013,47,465
2013-11-29,2013,48,401
2013-12-06,2013,49,452
2013-12-13,2013,50,391
2013-12-20,2013,51,343
2013-12-27,2013,52,214
2014-01-03,2014,1,276
2014-01-10,2014,2,337
2014-01-17,2014,3,348
2014-01-24,2014,4,284
2014-01-31,2014,5,320
2014-02-07,2014,6,306
2014-02-14,2014,7,299
2014-02-21,2014,8,256
2014-02-28,2014,9,290
2014-03-07,2014,10,288
2014-03-14,2014,11,279
2014-03-21,2014,12,303
2014-03-28,2014,13,275
2014-04-04,2014,14,331
2014-04-11,2014,15,280
2014-04-18,2014,16,214
2014-04-25,2014,17,188
2014-05-02,2014,18,215
2014-05-09,2014,19,313
2014-05-16,2014,20,330
2014-05-23,2014,21,265
2014-05-30,2014,22,313
2014-06-06,2014,23,324
2014-06-13,2014,24,369
2014-06-20,2014,25,496
2014-06-27,2014,26,737
2014-07-04,2014,27,955
2014-07-11,2014,28,1251
2014-07-18,2014,29,1976
2014-07-25,2014,30,2834
2014-08-01,2014,31,3822
2014-08-08,2014,32,4967
2014-08-15,2014,33,6622
2014-08-22,2014,34,7323
2014-08-29,2014,35,6368
2014-09-05,2014,36,5285
2014-09-12,2014,37,4763
2014-09-19,2014,38,3535
2014-09-26,2014,39,2637
2014-10-03,2014,40,1716
2014-10-10,2014,41,1090
2014-10-17,2014,42,810
2014-10-24,2014,43,671
2014-10-31,2014,44,515
2014-11-07,2014,45,392
2014-11-14,2014,46,333
2014-11-21,2014,47,277
2014-11-28,2014,48,272
2014-12-05,2014,49,288
2014-12-12,2014,50,293
2014-12-19,2014,51,252
2014-12-26,2014,52,181
2015-01-02,2015,1,236
2015-01-09,2015,2,302
2015-01-16,2015,3,331
2015-01-23,2015,4,253
2015-01-30,2015,5,269
2015-02-06,2015,6,313
2015-02-13,2015,7,309
2015-02-20,2015,8,346
2015-02-27,2015,9,365
2015-03-06,2015,10,361
2015-03-13,2015,11,397
2015-03-20,2015,12,467
2015-03-27,2015,13,506
2015-04-03,2015,14,522
2015-04-10,2015,15,470
2015-04-17,2015,16,581
2015-04-24,2015,17,495
2015-05-01,2015,18,531
2015-05-08,2015,19,510
2015-05-15,2015,20,573
2015-05-22,2015,21,586
2015-05-29,2015,22,611
2015-06-05,2015,23,762
2015-06-12,2015,24,928
2015-06-19,2015,25,1193
2015-06-26,2015,26,1413
2015-07-03,2015,27,1769
2015-07-10,2015,28,2120
2015-07-17,2015,29,2450
2015-07-24,2015,30,3268
2015-07-31,2015,31,4501
2015-08-07,2015,32,6462
2015-08-14,2015,33,8262
2015-08-21,2015,34,10731
2015-08-28,2015,35,10468
2015-09-04,2015,36,9653
2015-09-11,2015,37,8582
2015-09-18,2015,38,6285
2015-09-25,2015,39,3906
2015-10-02,2015,40,2687
2015-10-09,2015,41,1658
2015-10-16,2015,42,1092
2015-10-23,2015,43,728
2015-10-30,2015,44,469
2015-11-06,2015,45,418
2015-11-13,2015,46,299
2015-11-20,2015,47,252
2015-11-27,2015,48,202
2015-12-04,2015,49,196
2015-12-11,2015,50,198
2015-12-18,2015,51,181
2015-12-25,2015,52,155
2016-01-01,2016,53,137
2016-01-08,2016,1,264
2016-01-15,2016,2,272
2016-01-22,2016,3,298
2016-01-29,2016,4,264
2016-02-05,2016,5,358
2016-02-12,2016,6,396
2016-02-19,2016,7,478
2016-02-26,2016,8,573
2016-03-04,2016,9,626
2016-03-11,2016,10,643
2016-03-18,2016,11,606
2016-03-25,2016,12,559
2016-04-01,2016,13,561
2016-04-08,2016,14,652
2016-04-15,2016,15,645
2016-04-22,2016,16,539
2016-04-29,2016,17,452
2016-05-06,2016,18,502
2016-05-13,2016,19,458
2016-05-20,2016,20,470
2016-05-27,2016,21,452
2016-06-03,2016,22,507
2016-06-10,2016,23,573
2016-06-17,2016,24,614
2016-06-24,2016,25,658
2016-07-01,2016,26,866
2016-07-08,2016,27,1286
2016-07-15,2016,28,1663
2016-07-22,2016,29,2386
2016-07-29,2016,30,2979
2016-08-05,2016,31,4410
2016-08-12,2016,32,5707
2016-08-19,2016,33,6876
2016-08-26,2016,34,7323
2016-09-02,2016,35,8519
2016-09-09,2016,36,7775
2016-09-16,2016,37,5916
2016-09-23,2016,38,4312
2016-09-30,2016,39,3341
2016-10-07,2016,40,2618
2016-10-14,2016,41,2113
2016-10-21,2016,42,1723
2016-10-28,2016,43,1519
2016-11-04,2016,44,1351
2016-11-11,2016,45,1072
2016-11-18,2016,46,862
2016-11-25,2016,47,748
2016-12-02,2016,48,721
2016-12-09,2016,49,698
2016-12-16,2016,50,555
2016-12-23,2016,51,624
2016-12-30,2016,52,414
2017-01-06,2017,1,543
2017-01-13,2017,2,657
2017-01-20,2017,3,651
2017-01-27,2017,4,587
2017-02-03,2017,5,672
2017-02-10,2017,6,611
2017-02-17,2017,7,705
2017-02-24,2017,8,724
2017-03-03,2017,9,694
2017-03-10,2017,10,644
2017-03-17,2017,11,607
2017-03-24,2017,12,635
2017-03-31,2017,13,628
2017-04-07,2017,14,587
2017-04-14,2017,15,464
2017-04-21,2017,16,443
2017-04-28,2017,17,369
2017-05-05,2017,18,462
2017-05-12,2017,19,601
2017-05-19,2017,20,778
2017-05-26,2017,21,873
2017-06-02,2017,22,963
2017-06-09,2017,23,1192
2017-06-16,2017,24,1448
2017-06-23,2017,25,2038
2017-06-30,2017,26,2810
2017-07-07,2017,27,4083
2017-07-14,2017,28,5507
2017-07-21,2017,29,7340
2017-07-28,2017,30,11078
2017-08-04,2017,31,16612
2017-08-11,2017,32,21209
2017-08-18,2017,33,24598
2017-08-25,2017,34,23878
2017-09-01,2017,35,21727
2017-09-08,2017,36,22303
2017-09-15,2017,37,20327
2017-09-22,2017,38,17507
2017-09-29,2017,39,11758
2017-10-06,2017,40,7259
2017-10-13,2017,41,4366
2017-10-20,2017,42,2538
2017-10-27,2017,43,1705
2017-11-03,2017,44,1249
2017-11-10,2017,45,996
2017-11-17,2017,46,765
2017-11-24,2017,47,624
2017-12-01,2017,48,544
2017-12-08,2017,49,533
2017-12-15,2017,50,515
2017-12-22,2017,51,463
2017-12-29,2017,52,334
2018-01-05,2018,1,625
2018-01-12,2018,2,824
2018-01-19,2018,3,923
2018-01-26,2018,4,851
2018-02-02,2018,5,896
2018-02-09,2018,6,870
2018-02-16,2018,7,900
2018-02-23,2018,8,872
2018-03-02,2018,9,838
2018-03-09,2018,10,791
2018-03-16,2018,11,743
2018-03-23,2018,12,722
2018-03-30,2018,13,604
2018-04-06,2018,14,565
2018-04-13,2018,15,524
2018-04-20,2018,16,431
2018-04-27,2018,17,379
2018-05-04,2018,18,378
2018-05-11,2018,19,374
2018-05-18,2018,20,371
2018-05-25,2018,21,406
2018-06-01,2018,22,360
2018-06-08,2018,23,346
2018-06-15,2018,24,405
2018-06-22,2018,25,488
2018-06-29,2018,26,646
2018-07-06,2018,27,833
2018-07-13,2018,28,832
2018-07-20,2018,29,792
2018-07-27,2018,30,1021
2018-08-03,2018,31,1171
2018-08-10,2018,32,1328
2018-08-17,2018,33,1729
2018-08-24,2018,34,2120
2018-08-31,2018,35,2358
2018-09-07,2018,36,2997
2018-09-14,2018,37,2952
2018-09-21,2018,38,2736
2018-09-28,2018,39,2394
2018-10-05,2018,40,2371
2018-10-12,2018,41,1925
2018-10-19,2018,42,1439
2018-10-26,2018,43,1197
2018-11-02,2018,44,1220
2018-11-09,2018,45,1155
2018-11-16,2018,46,1199
2018-11-23,2018,47,1280
2018-11-30,2018,48,1521
2018-12-07,2018,49,1631
2018-12-14,2018,50,1605
2018-12-21,2018,51,1438
2018-12-28,2018,52,1092
2019-01-04,2019,1,1280
2019-01-11,2019,2,1600
2019-01-18,2019,3,1602
2019-01-25,2019,4,1552
2019-02-01,2019,5,1548
2019-02-08,2019,6,1715
2019-02-15,2019,7,1747
2019-02-22,2019,8,1869
2019-03-01,2019,9,1926
2019-03-08,2019,10,2041
2019-03-15,2019,11,2414
2019-03-22,2019,12,2743
2019-03-29,2019,13,3089
2019-04-05,2019,14,3932
2019-04-12,2019,15,4474
2019-04-19,2019,16,4406
2019-04-26,2019,17,3982
2019-05-03,2019,18,4739
2019-05-10,2019,19,5102
2019-05-17,2019,20,6632
2019-05-24,2019,21,8156
2019-05-31,2019,22,8548
2019-06-07,2019,23,11296
2019-06-14,2019,24,13479
2019-06-21,2019,25,13957
2019-06-28,2019,26,16466
2019-07-05,2019,27,18354
2019-07-12,2019,28,16767
2019-07-19,2019,29,13734
2019-07-26,2019,30,14063
2019-08-02,2019,31,14026
2019-08-09,2019,32,13558
2019-08-16,2019,33,14213
2019-08-23,2019,34,14528
2019-08-30,2019,35,13618
2019-09-06,2019,36,11357
2019-09-13,2019,37,8864
2019-09-20,2019,38,7479
2019-09-27,2019,39,5328
2019-10-04,2019,40,3585
2019-10-11,2019,41,2212
2019-10-18,2019,42,1634
2019-10-25,2019,43,1314
2019-11-01,2019,44,1102
2019-11-08,2019,45,876
2019-11-15,2019,46,927
2019-11-22,2019,47,853
2019-11-29,2019,48,867
2019-12-06,2019,49,1007
2019-12-13,2019,50,1031
2019-12-20,2019,51,957
2019-12-27,2019,52,865
2020-01-03,2020,1,954
2020-01-10,2020,2,1521
2020-01-17,2020,3,1341
2020-01-24,2020,4,1634
2020-01-31,2020,5,2055
2020-02-07,2020,6,1849
2020-02-14,2020,7,1733
2020-02-21,2020,8,1710
2020-02-28,2020,9,1740
2020-03-06,2020,10,1923
2020-03-13,2020,11,2460
2020-03-20,2020,12,1126
2020-03-27,2020,13,463
2020-04-03,2020,14,130
2020-04-10,2020,15,66
2020-04-17,2020,16,56
2020-04-24,2020,17,75
2020-05-01,2020,18,74
2020-05-08,2020,19,70
2020-05-15,2020,20,63
2020-05-22,2020,21,43
2020-05-29,2020,22,47
2020-06-05,2020,23,43
2020-06-12,2020,24,38
2020-06-19,2020,25,57
2020-06-26,2020,26,55
2020-07-03,2020,27,61
2020-07-10,2020,28,45
2020-07-17,2020,29,54
2020-07-24,2020,30,42
2020-07-31,2020,31,29
2020-08-07,2020,32,26
2020-08-14,2020,33,43
2020-08-21,2020,34,25
2020-08-28,2020,35,21
2020-09-04,2020,36,23
2020-09-11,2020,37,11
2020-09-18,2020,38,15
2020-09-25,2020,39,12
2020-10-02,2020,40,10
2020-10-09,2020,41,5
2020-10-16,2020,42,8
2020-10-23,2020,43,9
2020-10-30,2020,44,9
2020-11-06,2020,45,6
2020-11-13,2020,46,12
2020-11-20,2020,47,11
2020-11-27,2020,48,24
2020-12-04,2020,49,9
2020-12-11,2020,50,15
2020-12-18,2020,51,11
2020-12-25,2020,52,19
2021-01-01,2021,53,11
2021-01-08,2021,1,12
2021-01-15,2021,2,12
2021-01-22,2021,3,17
2021-01-29,2021,4,14
2021-02-05,2021,5,13
2021-02-12,2021,6,10
2021-02-19,2021,7,9
2021-02-26,2021,8,14
2021-03-05,2021,9,14
2021-03-12,2021,10,14
2021-03-19,2021,11,8
2021-03-26,2021,12,14
2021-04-02,2021,13,12
2021-04-09,2021,14,19
2021-04-16,2021,15,9
2021-04-23,2021,16,20
2021-04-30,2021,17,12
2021-05-07,2021,18,9
2021-05-14,2021,19,20
2021-05-21,2021,20,24
2021-05-28,2021,21,14
2021-06-04,2021,22,16
2021-06-11,2021,23,17
2021-06-18,2021,24,13
2021-06-25,2021,25,13
2021-07-02,2021,26,20
2021-07-09,2021,27,12
2021-07-16,2021,28,14
2021-07-23,2021,29,16
2021-07-30,2021,30,10
2021-08-06,2021,31,10
2021-08-13,2021,32,17
2021-08-20,2021,33,6
2021-08-27,2021,34,10
2021-09-03,2021,35,22
2021-09-10,2021,36,14
2021-09-17,2021,37,13
2021-09-24,2021,38,14
2021-10-01,2021,39,13
2021-10-08,2021,40,3
2021-10-15,2021,41,16
2021-10-22,2021,42,16
2021-10-29,2021,43,7
2021-11-05,2021,44,11
2021-11-12,2021,45,21
2021-11-19,2021,46,14
2021-11-26,2021,47,16
2021-12-03,2021,48,14
2021-12-10,2021,49,17
2021-12-17,2021,50,32
2021-12-24,2021,51,25
2021-12-31,2021,52,17
2022-01-07,2022,1,17
2022-01-14,2022,2,5
2022-01-21,2022,3,13
2022-01-28,2022,4,4
2022-02-04,2022,5,5
2022-02-11,2022,6,4
2022-02-18,2022,7,10
2022-02-25,2022,8,14
2022-03-04,2022,9,30
2022-03-11,2022,10,42
2022-03-18,2022,11,89
2022-03-25,2022,12,163
2022-04-01,2022,13,278
2022-04-08,2022,14,576
2022-04-15,2022,15,849
2022-04-22,2022,16,1433
2022-04-29,2022,17,2589
2022-05-06,2022,18,5615
2022-05-13,2022,19,10076
2022-05-20,2022,20,16333
2022-05-27,2022,21,22170
2022-06-03,2022,22,27601
2022-06-10,2022,23,29428
2022-06-17,2022,24,29786
2022-06-24,2022,25,24222
2022-07-01,2022,26,17304
2022-07-08,2022,27,11614
2022-07-15,2022,28,7351
2022-07-22,2022,29,4858
2022-07-29,2022,30,3538
2022-08-05,2022,31,2652
2022-08-12,2022,32,1758
2022-08-19,2022,33,1256
2022-08-26,2022,34,907
2022-09-02,2022,35,791
2022-09-09,2022,36,655
2022-09-16,2022,37,546
2022-09-23,2022,38,352
2022-09-30,2022,39,366
2022-10-07,2022,40,366
2022-10-14,2022,41,369
2022-10-21,2022,42,423
2022-10-28,2022,43,370
2022-11-04,2022,44,411
2022-11-11,2022,45,388
2022-11-18,2022,46,499
2022-11-25,2022,47,594
2022-12-02,2022,48,729
2022-12-09,2022,49,941
2022-12-16,2022,50,1049
2022-12-23,2022,51,1122
2022-12-30,2022,52,807
2023-01-06,2023,1,944
2023-01-13,2023,2,1082
2023-01-20,2023,3,847
2023-01-27,2023,4,780
2023-02-03,2023,5,865
2023-02-10,2023,6,1016
2023-02-17,2023,7,1123
2023-02-24,2023,8,1283
2023-03-03,2023,9,1445
2023-03-10,2023,10,1730
2023-03-17,2023,11,2007
2023-03-24,2023,12,2429
2023-03-31,2023,13,3114
2023-04-07,2023,14,3470
2023-04-14,2023,15,3439
2023-04-21,2023,16,3332
2023-04-28,2023,17,3090
2023-05-05,2023,18,3358
2023-05-12,2023,19,4548
2023-05-19,2023,20,7300
2023-05-26,2023,21,9846
2023-06-02,2023,22,13380
2023-06-09,2023,23,15493
2023-06-16,2023,24,14878
2023-06-23,2023,25,15807
2023-06-30,2023,26,18183
2023-07-07,2023,27,17626
2023-07-14,2023,28,14051
2023-07-21,2023,29,11237
2023-07-28,2023,30,10257
2023-08-04,2023,31,9655
2023-08-11,2023,32,8154
2023-08-18,2023,33,7389
2023-08-25,2023,34,7303
2023-09-01,2023,35,6239
2023-09-08,2023,36,5167
2023-09-15,2023,37,4946
2023-09-22,2023,38,4638
2023-09-29,2023,39,3948
2023-10-06,2023,40,3342
2023-10-13,2023,41,3264
2023-10-20,2023,42,3115
2023-10-27,2023,43,3003
2023-11-03,2023,44,3484
2023-11-10,2023,45,3544
2023-11-17,2023,46,3188
2023-11-24,2023,47,2883
2023-12-01,2023,48,3728
2023-12-08,2023,49,4564
2023-12-15,2023,50,4158
2023-12-22,2023,51,3208
2023-12-29,2023,52,1982
2024-01-05,2024,1,2109
2024-01-12,2024,2,2467
2024-01-19,2024,3,2083
2024-01-26,2024,4,1955
2024-02-02,2024,5,2106
2024-02-09,2024,6,1877
2024-02-16,2024,7,1869
2024-02-23,2024,8,2120
2024-03-01,2024,9,2514
2024-03-08,2024,10,2674
2024-03-15,2024,11,2944
2024-03-22,2024,12,2839
2024-03-29,2024,13,2813
2024-04-05,2024,14,3010
2024-04-12,2024,15,3198
2024-04-19,2024,16,3361
2024-04-26,2024,17,2874
2024-05-03,2024,18,3575
2024-05-10,2024,19,4466
2024-05-17,2024,20,6100
2024-05-24,2024,21,7512
2024-05-31,2024,22,9549
2024-06-07,2024,23,11679
2024-06-14,2024,24,14270
2024-06-21,2024,25,19298
2024-06-28,2024,26,26445
2024-07-05,2024,27,28334
2024-07-12,2024,28,25434
2024-07-19,2024,29,21447
2024-07-26,2024,30,21660
2024-08-02,2024,31,20464
2024-08-09,2024,32,21879
2024-08-16,2024,33,17738
2024-08-23,2024,34,13664
2024-08-30,2024,35,9627
2024-09-06,2024,36,6767
2024-09-13,2024,37,4985
2024-09-20,2024,38,3791
2024-09-27,2024,39,3346
2024-10-04,2024,40,2513
2024-10-11,2024,41,1583
2024-10-18,2024,42,1470
2024-10-25,2024,43,1358
2024-11-01,2024,44,1396
2024-11-08,2024,45,1385
2024-11-15,2024,46,1368
2024-11-22,2024,47,1442
2024-11-29,2024,48,1527
2024-12-06,2024,49,1520
2024-12-13,2024,50,1573
2024-12-20,2024,51,1686
2024-12-27,2024,52,1258
